231,Power of Two
146,LRU Cache
231,Power of Two
146,LRU Cache
23,Merge k Sorted Lists
939,Minimum Area Rectangle
206,Reverse Linked List
114,Flatten Binary Tree to Linked List
199,Binary Tree Right Side View
22,Generate Parentheses
1,Two Sum
33,Search in Rotated Sorted Array
42,Trapping Rain Water
8,String to Integer (atoi)
151,Reverse Words in a String
200,Number of Islands
53,Maximum Subarray
2,Add Two Numbers
70,Climbing Stairs
223,Rectangle Area
48,Rotate Image
706,Design HashMap
64,Minimum Path Sum
97,Interleaving String
739,Daily Temperatures
415,Add Strings